{
  "name": "jquery",
  "main": "dist/jquery.js",
  "license": "MIT",
  "ignore": [
    "package.json"
  ],
  "keywords": [
    "jquery",
    "javascript",
    "browser",
    "library"
  ],
  "homepage": "https://github.com/jquery/jquery-dist",
  "version": "2.2.4",
  "_release": "2.2.4",
  "_resolution": {
    "type": "version",
    "tag": "2.2.4",
    "commit": "c0185ab7c75aab88762c5aae780b9d83b80eda72"
  },
  "_source": "https://github.com/jquery/jquery-dist.git",
  "_target": "~2",
  "_originalSource": "jquery"
}